acousticness,analysis_url,danceability,duration_ms,energy,id,instrumentalness,key,liveness,loudness,mode,speechiness,tempo,time_signature,track_href,type,uri,valence
0.314,https://api.spotify.com/v1/audio-analysis/4pUCKHjJ4Ijewc37rRrvHn,0.755,189052,0.858,4pUCKHjJ4Ijewc37rRrvHn,0.00318,2,0.301,-4.119,1,0.198,132.082,4,https://api.spotify.com/v1/tracks/4pUCKHjJ4Ijewc37rRrvHn,audio_features,spotify:track:4pUCKHjJ4Ijewc37rRrvHn,0.57
0.308,https://api.spotify.com/v1/audio-analysis/2Fxmhks0bxGSBdJ92vM42m,0.708,194088,0.418,2Fxmhks0bxGSBdJ92vM42m,0.093,0,0.1,-10.998,1,0.368,131.926,4,https://api.spotify.com/v1/tracks/2Fxmhks0bxGSBdJ92vM42m,audio_features,spotify:track:2Fxmhks0bxGSBdJ92vM42m,0.578
0.106,https://api.spotify.com/v1/audio-analysis/1TaQciB8qqRZ9fxWGhS65X,0.63,201081,0.648,1TaQciB8qqRZ9fxWGhS65X,0.0,6,0.146,-4.163,0,0.057,129.951,4,https://api.spotify.com/v1/tracks/1TaQciB8qqRZ9fxWGhS65X,audio_features,spotify:track:1TaQciB8qqRZ9fxWGhS65X,0.412
0.0427,https://api.spotify.com/v1/audio-analysis/4y3OI86AEP6PQoDE6olYhO,0.842,181040,0.734,4y3OI86AEP6PQoDE6olYhO,0.0,1,0.106,-5.065,0,0.0588,137.958,4,https://api.spotify.com/v1/tracks/4y3OI86AEP6PQoDE6olYhO,audio_features,spotify:track:4y3OI86AEP6PQoDE6olYhO,0.952
0.0209,https://api.spotify.com/v1/audio-analysis/4n7jnSxVLd8QioibtTDBDq,0.509,193798,0.689,4n7jnSxVLd8QioibtTDBDq,0.0,1,0.301,-4.929,0,0.102,170.087,4,https://api.spotify.com/v1/tracks/4n7jnSxVLd8QioibtTDBDq,audio_features,spotify:track:4n7jnSxVLd8QioibtTDBDq,0.297
0.389,https://api.spotify.com/v1/audio-analysis/3Fj47GNK2kUF0uaEDgXLaD,0.85,221543,0.353,3Fj47GNK2kUF0uaEDgXLaD,6.68e-06,7,0.8,-10.267,1,0.334,118.071,4,https://api.spotify.com/v1/tracks/3Fj47GNK2kUF0uaEDgXLaD,audio_features,spotify:track:3Fj47GNK2kUF0uaEDgXLaD,0.329
0.592,https://api.spotify.com/v1/audio-analysis/6ocbgoVGwYJhOv1GgI9NsF,0.778,178627,0.317,6ocbgoVGwYJhOv1GgI9NsF,0.0,1,0.0881,-10.732,0,0.334,140.048,4,https://api.spotify.com/v1/tracks/6ocbgoVGwYJhOv1GgI9NsF,audio_features,spotify:track:6ocbgoVGwYJhOv1GgI9NsF,0.327
0.0623,https://api.spotify.com/v1/audio-analysis/5icOoE6VgqFKohjWWNp0Ac,0.791,156347,0.565,5icOoE6VgqFKohjWWNp0Ac,0.0,5,0.156,-3.933,0,0.0439,99.961,4,https://api.spotify.com/v1/tracks/5icOoE6VgqFKohjWWNp0Ac,audio_features,spotify:track:5icOoE6VgqFKohjWWNp0Ac,0.181
0.806,https://api.spotify.com/v1/audio-analysis/4qOQcgfSAV2XuoJ55TYSaS,0.728,261290,0.492,4qOQcgfSAV2XuoJ55TYSaS,9.2e-06,0,0.245,-7.361,1,0.045,123.882,4,https://api.spotify.com/v1/tracks/4qOQcgfSAV2XuoJ55TYSaS,audio_features,spotify:track:4qOQcgfSAV2XuoJ55TYSaS,0.61
0.371,https://api.spotify.com/v1/audio-analysis/2VxeLyX666F8uXCJ0dZF8B,0.572,215733,0.385,2VxeLyX666F8uXCJ0dZF8B,0.0,7,0.231,-6.362,1,0.0308,95.799,4,https://api.spotify.com/v1/tracks/2VxeLyX666F8uXCJ0dZF8B,audio_features,spotify:track:2VxeLyX666F8uXCJ0dZF8B,0.323
0.0174,https://api.spotify.com/v1/audio-analysis/09oZ9eXQ2fo6YDrPzJqAoP,0.729,177067,0.545,09oZ9eXQ2fo6YDrPzJqAoP,0.000274,0,0.369,-7.818,1,0.0316,103.012,4,https://api.spotify.com/v1/tracks/09oZ9eXQ2fo6YDrPzJqAoP,audio_features,spotify:track:09oZ9eXQ2fo6YDrPzJqAoP,0.514
0.74,https://api.spotify.com/v1/audio-analysis/2qxmye6gAegTMjLKEBoR3d,0.652,169354,0.557,2qxmye6gAegTMjLKEBoR3d,0.0,1,0.124,-5.714,0,0.0318,150.073,4,https://api.spotify.com/v1/tracks/2qxmye6gAegTMjLKEBoR3d,audio_features,spotify:track:2qxmye6gAegTMjLKEBoR3d,0.483
0.704,https://api.spotify.com/v1/audio-analysis/6tsOcBnaKgzK22yEiqRh8P,0.892,158587,0.507,6tsOcBnaKgzK22yEiqRh8P,3.14e-05,0,0.109,-8.282,1,0.378,143.96,4,https://api.spotify.com/v1/tracks/6tsOcBnaKgzK22yEiqRh8P,audio_features,spotify:track:6tsOcBnaKgzK22yEiqRh8P,0.695
0.203,https://api.spotify.com/v1/audio-analysis/6npOpd3seRhoTPGOsFPKaX,0.534,247271,0.543,6npOpd3seRhoTPGOsFPKaX,0.0,0,0.411,-7.177,1,0.0368,124.008,4,https://api.spotify.com/v1/tracks/6npOpd3seRhoTPGOsFPKaX,audio_features,spotify:track:6npOpd3seRhoTPGOsFPKaX,0.284
0.752,https://api.spotify.com/v1/audio-analysis/4SSnFejRGlZikf02HLewEF,0.888,193143,0.395,4SSnFejRGlZikf02HLewEF,0.14,8,0.106,-14.645,1,0.324,120.058,4,https://api.spotify.com/v1/tracks/4SSnFejRGlZikf02HLewEF,audio_features,spotify:track:4SSnFejRGlZikf02HLewEF,0.162
0.00791,https://api.spotify.com/v1/audio-analysis/7ql71hBakyMi0Lxiq3Mugs,0.51,226747,0.835,7ql71hBakyMi0Lxiq3Mugs,0.0,3,0.219,-4.673,1,0.0447,140.024,4,https://api.spotify.com/v1/tracks/7ql71hBakyMi0Lxiq3Mugs,audio_features,spotify:track:7ql71hBakyMi0Lxiq3Mugs,0.435
0.556,https://api.spotify.com/v1/audio-analysis/3KkXRkHbMCARz0aVfEt68P,0.76,158040,0.479,3KkXRkHbMCARz0aVfEt68P,0.0,2,0.0703,-5.574,1,0.0466,89.911,4,https://api.spotify.com/v1/tracks/3KkXRkHbMCARz0aVfEt68P,audio_features,spotify:track:3KkXRkHbMCARz0aVfEt68P,0.913
0.45,https://api.spotify.com/v1/audio-analysis/6Qs4SXO9dwPj5GKvVOv8Ki,0.741,171030,0.52,6Qs4SXO9dwPj5GKvVOv8Ki,1.97e-06,8,0.222,-7.513,1,0.0656,102.998,4,https://api.spotify.com/v1/tracks/6Qs4SXO9dwPj5GKvVOv8Ki,audio_features,spotify:track:6Qs4SXO9dwPj5GKvVOv8Ki,0.347
0.547,https://api.spotify.com/v1/audio-analysis/2XKFnwB6djxrJCjR3PdeRb,0.577,163973,0.578,2XKFnwB6djxrJCjR3PdeRb,0.59,0,0.264,-9.146,0,0.0906,84.965,4,https://api.spotify.com/v1/tracks/2XKFnwB6djxrJCjR3PdeRb,audio_features,spotify:track:2XKFnwB6djxrJCjR3PdeRb,0.367
0.0162,https://api.spotify.com/v1/audio-analysis/5R0cvR5BMFkLomChhmcCzr,0.768,191226,0.777,5R0cvR5BMFkLomChhmcCzr,0.0,1,0.0692,-3.58,0,0.0476,124.978,4,https://api.spotify.com/v1/tracks/5R0cvR5BMFkLomChhmcCzr,audio_features,spotify:track:5R0cvR5BMFkLomChhmcCzr,0.431
0.901,https://api.spotify.com/v1/audio-analysis/3ayrHkyorPEpeOBvZ76SwG,0.363,237000,0.233,3ayrHkyorPEpeOBvZ76SwG,4.79e-06,7,0.109,-11.531,1,0.0499,77.378,4,https://api.spotify.com/v1/tracks/3ayrHkyorPEpeOBvZ76SwG,audio_features,spotify:track:3ayrHkyorPEpeOBvZ76SwG,0.341
0.176,https://api.spotify.com/v1/audio-analysis/7COXchtUOMd6uIT6HvmRaI,0.599,162583,0.733,7COXchtUOMd6uIT6HvmRaI,0.0,11,0.242,-7.058,1,0.203,102.211,4,https://api.spotify.com/v1/tracks/7COXchtUOMd6uIT6HvmRaI,audio_features,spotify:track:7COXchtUOMd6uIT6HvmRaI,0.534
0.0421,https://api.spotify.com/v1/audio-analysis/4kV4N9D1iKVxx1KLvtTpjS,0.726,190440,0.554,4kV4N9D1iKVxx1KLvtTpjS,0.0,5,0.106,-5.29,0,0.0917,169.999,4,https://api.spotify.com/v1/tracks/4kV4N9D1iKVxx1KLvtTpjS,audio_features,spotify:track:4kV4N9D1iKVxx1KLvtTpjS,0.335
0.316,https://api.spotify.com/v1/audio-analysis/6IRdLKIyS4p7XNiP8r6rsx,0.741,168840,0.447,6IRdLKIyS4p7XNiP8r6rsx,0.121,8,0.187,-9.015,0,0.388,184.98,4,https://api.spotify.com/v1/tracks/6IRdLKIyS4p7XNiP8r6rsx,audio_features,spotify:track:6IRdLKIyS4p7XNiP8r6rsx,0.551
0.00373,https://api.spotify.com/v1/audio-analysis/0ahbzg4GCq3wJzUM3cjS3N,0.715,200913,0.88,0ahbzg4GCq3wJzUM3cjS3N,0.0,7,0.104,-2.94,1,0.0685,115.012,4,https://api.spotify.com/v1/tracks/0ahbzg4GCq3wJzUM3cjS3N,audio_features,spotify:track:0ahbzg4GCq3wJzUM3cjS3N,0.669
0.0533,https://api.spotify.com/v1/audio-analysis/6u7jPi22kF8CTQ3rb9DHE7,0.878,157067,0.619,6u7jPi22kF8CTQ3rb9DHE7,0.0,6,0.113,-5.56,1,0.102,136.041,4,https://api.spotify.com/v1/tracks/6u7jPi22kF8CTQ3rb9DHE7,audio_features,spotify:track:6u7jPi22kF8CTQ3rb9DHE7,0.639
0.296,https://api.spotify.com/v1/audio-analysis/5WHTFyqSii0lmT9R21abT8,0.674,178480,0.881,5WHTFyqSii0lmT9R21abT8,3.01e-06,9,0.0793,-2.853,1,0.147,98.994,4,https://api.spotify.com/v1/tracks/5WHTFyqSii0lmT9R21abT8,audio_features,spotify:track:5WHTFyqSii0lmT9R21abT8,0.234
0.572,https://api.spotify.com/v1/audio-analysis/5ql4tlxS3GtADNsSRi2GnW,0.467,306827,0.349,5ql4tlxS3GtADNsSRi2GnW,0.0,0,0.204,-7.96,1,0.0339,140.212,4,https://api.spotify.com/v1/tracks/5ql4tlxS3GtADNsSRi2GnW,audio_features,spotify:track:5ql4tlxS3GtADNsSRi2GnW,0.343
0.229,https://api.spotify.com/v1/audio-analysis/3e9HZxeyfWwjeyPAMmWSSQ,0.717,207320,0.653,3e9HZxeyfWwjeyPAMmWSSQ,0.0,1,0.101,-5.634,1,0.0658,106.966,4,https://api.spotify.com/v1/tracks/3e9HZxeyfWwjeyPAMmWSSQ,audio_features,spotify:track:3e9HZxeyfWwjeyPAMmWSSQ,0.412
0.435,https://api.spotify.com/v1/audio-analysis/32107DdzIGbVs9Pi54MuRS,0.422,191030,0.422,32107DdzIGbVs9Pi54MuRS,0.0,4,0.0936,-5.053,0,0.0296,110.251,4,https://api.spotify.com/v1/tracks/32107DdzIGbVs9Pi54MuRS,audio_features,spotify:track:32107DdzIGbVs9Pi54MuRS,0.206
0.81,https://api.spotify.com/v1/audio-analysis/2WVbMoHdWCspdiEa7OnG1D,0.445,259827,0.502,2WVbMoHdWCspdiEa7OnG1D,0.0,7,0.186,-5.487,1,0.0277,98.317,4,https://api.spotify.com/v1/tracks/2WVbMoHdWCspdiEa7OnG1D,audio_features,spotify:track:2WVbMoHdWCspdiEa7OnG1D,0.501
0.416,https://api.spotify.com/v1/audio-analysis/2hRY6ORT8dEdVVCocenQjs,0.61,249178,0.436,2hRY6ORT8dEdVVCocenQjs,0.0,11,0.0795,-9.042,1,0.0333,128.206,4,https://api.spotify.com/v1/tracks/2hRY6ORT8dEdVVCocenQjs,audio_features,spotify:track:2hRY6ORT8dEdVVCocenQjs,0.213
0.0754,https://api.spotify.com/v1/audio-analysis/0uUNN1nSoUx1A4fkDCWDQ7,0.684,184296,0.677,0uUNN1nSoUx1A4fkDCWDQ7,0.0,6,0.133,-4.034,1,0.0464,130.141,4,https://api.spotify.com/v1/tracks/0uUNN1nSoUx1A4fkDCWDQ7,audio_features,spotify:track:0uUNN1nSoUx1A4fkDCWDQ7,0.595
0.978,https://api.spotify.com/v1/audio-analysis/43zdsphuZLzwA9k4DJhU0I,0.454,196077,0.111,43zdsphuZLzwA9k4DJhU0I,5.89e-05,4,0.0898,-14.038,1,0.0635,124.155,3,https://api.spotify.com/v1/tracks/43zdsphuZLzwA9k4DJhU0I,audio_features,spotify:track:43zdsphuZLzwA9k4DJhU0I,0.187
0.051,https://api.spotify.com/v1/audio-analysis/6TqXcAFInzjp0bODyvrWEq,0.901,197573,0.4,6TqXcAFInzjp0bODyvrWEq,0.0,0,0.0599,-8.575,1,0.126,135.984,4,https://api.spotify.com/v1/tracks/6TqXcAFInzjp0bODyvrWEq,audio_features,spotify:track:6TqXcAFInzjp0bODyvrWEq,0.346
0.00116,https://api.spotify.com/v1/audio-analysis/0GU5GuJQQEnnREO2FxnVPT,0.79,199874,0.853,0GU5GuJQQEnnREO2FxnVPT,4.23e-05,11,0.329,-4.564,0,0.0665,124.998,4,https://api.spotify.com/v1/tracks/0GU5GuJQQEnnREO2FxnVPT,audio_features,spotify:track:0GU5GuJQQEnnREO2FxnVPT,0.713
0.778,https://api.spotify.com/v1/audio-analysis/4QIo4oxwzzafcBWkKjDpXY,0.512,243725,0.128,4QIo4oxwzzafcBWkKjDpXY,0.00118,9,0.277,-17.827,1,0.313,109.102,4,https://api.spotify.com/v1/tracks/4QIo4oxwzzafcBWkKjDpXY,audio_features,spotify:track:4QIo4oxwzzafcBWkKjDpXY,0.0473
0.299,https://api.spotify.com/v1/audio-analysis/2rbDhOo9Fh61Bbu23T2qCk,0.553,210200,0.502,2rbDhOo9Fh61Bbu23T2qCk,0.0,0,0.764,-5.972,1,0.0409,129.976,4,https://api.spotify.com/v1/tracks/2rbDhOo9Fh61Bbu23T2qCk,audio_features,spotify:track:2rbDhOo9Fh61Bbu23T2qCk,0.296
0.163,https://api.spotify.com/v1/audio-analysis/0tgVpDi06FyKpA1z0VMD4v,0.599,263400,0.448,0tgVpDi06FyKpA1z0VMD4v,0.0,8,0.106,-6.312,1,0.0232,95.05,3,https://api.spotify.com/v1/tracks/0tgVpDi06FyKpA1z0VMD4v,audio_features,spotify:track:0tgVpDi06FyKpA1z0VMD4v,0.168
0.485,https://api.spotify.com/v1/audio-analysis/2yJuzhRAp75De9QFcR0qXl,0.502,285280,0.583,2yJuzhRAp75De9QFcR0qXl,2.44e-06,6,0.124,-7.327,0,0.0343,135.931,4,https://api.spotify.com/v1/tracks/2yJuzhRAp75De9QFcR0qXl,audio_features,spotify:track:2yJuzhRAp75De9QFcR0qXl,0.215
0.163,https://api.spotify.com/v1/audio-analysis/6MWtB6iiXyIwun0YzU6DFP,0.833,149520,0.539,6MWtB6iiXyIwun0YzU6DFP,2.1e-06,11,0.101,-7.399,0,0.178,99.947,4,https://api.spotify.com/v1/tracks/6MWtB6iiXyIwun0YzU6DFP,audio_features,spotify:track:6MWtB6iiXyIwun0YzU6DFP,0.385
0.0642,https://api.spotify.com/v1/audio-analysis/0PG9fbaaHFHfre2gUVo7AN,0.747,200890,0.57,0PG9fbaaHFHfre2gUVo7AN,0.0,1,0.0832,-6.711,1,0.081,133.992,4,https://api.spotify.com/v1/tracks/0PG9fbaaHFHfre2gUVo7AN,audio_features,spotify:track:0PG9fbaaHFHfre2gUVo7AN,0.65
0.297,https://api.spotify.com/v1/audio-analysis/5p7ujcrUXASCNwRaWNHR1C,0.752,201661,0.488,5p7ujcrUXASCNwRaWNHR1C,9.11e-06,6,0.0936,-7.05,1,0.0705,136.041,4,https://api.spotify.com/v1/tracks/5p7ujcrUXASCNwRaWNHR1C,audio_features,spotify:track:5p7ujcrUXASCNwRaWNHR1C,0.533
0.0828,https://api.spotify.com/v1/audio-analysis/7njKgVl3AnLflRad38o7AG,0.844,169038,0.644,7njKgVl3AnLflRad38o7AG,0.0,11,0.113,-6.273,0,0.0479,122.061,4,https://api.spotify.com/v1/tracks/7njKgVl3AnLflRad38o7AG,audio_features,spotify:track:7njKgVl3AnLflRad38o7AG,0.591
0.581,https://api.spotify.com/v1/audio-analysis/7qiZfU4dY1lWllzX7mPBI3,0.825,233713,0.652,7qiZfU4dY1lWllzX7mPBI3,0.0,1,0.0931,-3.183,0,0.0802,95.977,4,https://api.spotify.com/v1/tracks/7qiZfU4dY1lWllzX7mPBI3,audio_features,spotify:track:7qiZfU4dY1lWllzX7mPBI3,0.931
0.0861,https://api.spotify.com/v1/audio-analysis/2wVDWtLKXunswWecARNILj,0.751,169567,0.642,2wVDWtLKXunswWecARNILj,0.0,3,0.0953,-5.165,0,0.087,95.045,4,https://api.spotify.com/v1/tracks/2wVDWtLKXunswWecARNILj,audio_features,spotify:track:2wVDWtLKXunswWecARNILj,0.388
0.477,https://api.spotify.com/v1/audio-analysis/76WthWB0v0KXUHZoAclMVV,0.589,270000,0.465,76WthWB0v0KXUHZoAclMVV,0.0,8,0.101,-8.416,1,0.0325,147.921,4,https://api.spotify.com/v1/tracks/76WthWB0v0KXUHZoAclMVV,audio_features,spotify:track:76WthWB0v0KXUHZoAclMVV,0.416
0.553,https://api.spotify.com/v1/audio-analysis/3CE1HoJJ0FVKo7JHsWIuvC,0.505,230571,0.63,3CE1HoJJ0FVKo7JHsWIuvC,0.0,2,0.229,-6.804,1,0.125,139.712,4,https://api.spotify.com/v1/tracks/3CE1HoJJ0FVKo7JHsWIuvC,audio_features,spotify:track:3CE1HoJJ0FVKo7JHsWIuvC,0.375
0.0361,https://api.spotify.com/v1/audio-analysis/53CJANUxooaqGOtdsBTh7O,0.908,113013,0.517,53CJANUxooaqGOtdsBTh7O,1.73e-06,1,0.0949,-6.063,1,0.129,136.019,4,https://api.spotify.com/v1/tracks/53CJANUxooaqGOtdsBTh7O,audio_features,spotify:track:53CJANUxooaqGOtdsBTh7O,0.471
0.0668,https://api.spotify.com/v1/audio-analysis/6Yx181fZzA0YE2EkUsYruq,0.693,179930,0.604,6Yx181fZzA0YE2EkUsYruq,0.0,11,0.114,-5.279,1,0.0427,75.014,4,https://api.spotify.com/v1/tracks/6Yx181fZzA0YE2EkUsYruq,audio_features,spotify:track:6Yx181fZzA0YE2EkUsYruq,0.651
0.703,https://api.spotify.com/v1/audio-analysis/2FgDWCqMCIAATvqr9ozeYm,0.432,249987,0.494,2FgDWCqMCIAATvqr9ozeYm,0.0,9,0.203,-5.045,1,0.028,143.768,4,https://api.spotify.com/v1/tracks/2FgDWCqMCIAATvqr9ozeYm,audio_features,spotify:track:2FgDWCqMCIAATvqr9ozeYm,0.36
0.449,https://api.spotify.com/v1/audio-analysis/3XF5xLJHOQQRbWya6hBp7d,0.672,180953,0.552,3XF5xLJHOQQRbWya6hBp7d,0.152,4,0.138,-10.512,1,0.174,150.469,4,https://api.spotify.com/v1/tracks/3XF5xLJHOQQRbWya6hBp7d,audio_features,spotify:track:3XF5xLJHOQQRbWya6hBp7d,0.259
0.877,https://api.spotify.com/v1/audio-analysis/5hdFOCoXHRbGEGF6A0IylT,0.544,272587,0.482,5hdFOCoXHRbGEGF6A0IylT,8.7e-06,1,0.143,-8.939,1,0.0357,119.667,4,https://api.spotify.com/v1/tracks/5hdFOCoXHRbGEGF6A0IylT,audio_features,spotify:track:5hdFOCoXHRbGEGF6A0IylT,0.38
0.191,https://api.spotify.com/v1/audio-analysis/2dpaYNEQHiRxtZbfNsse99,0.687,214290,0.792,2dpaYNEQHiRxtZbfNsse99,0.0,5,0.167,-2.749,1,0.0452,100.015,4,https://api.spotify.com/v1/tracks/2dpaYNEQHiRxtZbfNsse99,audio_features,spotify:track:2dpaYNEQHiRxtZbfNsse99,0.671
0.192,https://api.spotify.com/v1/audio-analysis/1ivCIgrYZyE0BvItL4Z8lk,0.59,215147,0.572,1ivCIgrYZyE0BvItL4Z8lk,0.0,11,0.109,-7.658,1,0.0379,179.989,4,https://api.spotify.com/v1/tracks/1ivCIgrYZyE0BvItL4Z8lk,audio_features,spotify:track:1ivCIgrYZyE0BvItL4Z8lk,0.448
0.0691,https://api.spotify.com/v1/audio-analysis/25sgk305KZfyuqVBQIahim,0.719,187436,0.704,25sgk305KZfyuqVBQIahim,0.0,1,0.166,-4.724,1,0.0476,133.002,4,https://api.spotify.com/v1/tracks/25sgk305KZfyuqVBQIahim,audio_features,spotify:track:25sgk305KZfyuqVBQIahim,0.628
0.404,https://api.spotify.com/v1/audio-analysis/1WSGTYKLEpKfNQYYW5Oymt,0.541,158027,0.468,1WSGTYKLEpKfNQYYW5Oymt,3.65e-06,10,0.358,-4.039,0,0.362,95.266,4,https://api.spotify.com/v1/tracks/1WSGTYKLEpKfNQYYW5Oymt,audio_features,spotify:track:1WSGTYKLEpKfNQYYW5Oymt,0.69
0.0106,https://api.spotify.com/v1/audio-analysis/3QmolSZqjjLksTUvZJ6pPS,0.65,167120,0.619,3QmolSZqjjLksTUvZJ6pPS,0.0,0,0.167,-5.495,1,0.0555,157.967,4,https://api.spotify.com/v1/tracks/3QmolSZqjjLksTUvZJ6pPS,audio_features,spotify:track:3QmolSZqjjLksTUvZJ6pPS,0.657
0.0153,https://api.spotify.com/v1/audio-analysis/1wJRveJZLSb1rjhnUHQiv6,0.581,189487,0.662,1wJRveJZLSb1rjhnUHQiv6,0.0,9,0.111,-5.239,1,0.303,93.023,4,https://api.spotify.com/v1/tracks/1wJRveJZLSb1rjhnUHQiv6,audio_features,spotify:track:1wJRveJZLSb1rjhnUHQiv6,0.434
0.0323,https://api.spotify.com/v1/audio-analysis/2aI2k39nfa3KFsa4JclQzw,0.671,209355,0.859,2aI2k39nfa3KFsa4JclQzw,0.0,4,0.267,-3.922,0,0.0833,139.931,4,https://api.spotify.com/v1/tracks/2aI2k39nfa3KFsa4JclQzw,audio_features,spotify:track:2aI2k39nfa3KFsa4JclQzw,0.389
0.0498,https://api.spotify.com/v1/audio-analysis/6RUKPb4LETWmmr3iAEQktW,0.617,247160,0.635,6RUKPb4LETWmmr3iAEQktW,1.44e-05,11,0.164,-6.769,0,0.0317,103.019,4,https://api.spotify.com/v1/tracks/6RUKPb4LETWmmr3iAEQktW,audio_features,spotify:track:6RUKPb4LETWmmr3iAEQktW,0.446
0.0377,https://api.spotify.com/v1/audio-analysis/7tXQdx76iQVFeaBGDzXpZ2,0.689,201225,0.903,7tXQdx76iQVFeaBGDzXpZ2,5.7e-05,11,0.074,-6.153,0,0.0866,145.012,4,https://api.spotify.com/v1/tracks/7tXQdx76iQVFeaBGDzXpZ2,audio_features,spotify:track:7tXQdx76iQVFeaBGDzXpZ2,0.695
0.0704,https://api.spotify.com/v1/audio-analysis/1gVMd7oYGo6Whlgg7pAa7M,0.476,235782,0.747,1gVMd7oYGo6Whlgg7pAa7M,7.2e-06,8,0.109,-6.302,1,0.0313,139.9,4,https://api.spotify.com/v1/tracks/1gVMd7oYGo6Whlgg7pAa7M,audio_features,spotify:track:1gVMd7oYGo6Whlgg7pAa7M,0.252
0.387,https://api.spotify.com/v1/audio-analysis/3Tc57t9l2O8FwQZtQOvPXK,0.938,179889,0.311,3Tc57t9l2O8FwQZtQOvPXK,0.000126,1,0.104,-11.206,0,0.376,100.014,4,https://api.spotify.com/v1/tracks/3Tc57t9l2O8FwQZtQOvPXK,audio_features,spotify:track:3Tc57t9l2O8FwQZtQOvPXK,0.557
0.0765,https://api.spotify.com/v1/audio-analysis/6zeeWid2sgw4lap2jV61PZ,0.596,229320,0.552,6zeeWid2sgw4lap2jV61PZ,0.334,0,0.104,-10.278,0,0.097,97.949,4,https://api.spotify.com/v1/tracks/6zeeWid2sgw4lap2jV61PZ,audio_features,spotify:track:6zeeWid2sgw4lap2jV61PZ,0.112
0.617,https://api.spotify.com/v1/audio-analysis/1o5PE9VNUd8EJtcYLA3QxP,0.646,278000,0.401,1o5PE9VNUd8EJtcYLA3QxP,0.0,3,0.186,-8.362,1,0.027,109.978,3,https://api.spotify.com/v1/tracks/1o5PE9VNUd8EJtcYLA3QxP,audio_features,spotify:track:1o5PE9VNUd8EJtcYLA3QxP,0.29
0.0372,https://api.spotify.com/v1/audio-analysis/2BgEsaKNfHUdlh97KmvFyo,0.697,186987,0.683,2BgEsaKNfHUdlh97KmvFyo,0.0,1,0.137,-2.881,0,0.117,96.133,4,https://api.spotify.com/v1/tracks/2BgEsaKNfHUdlh97KmvFyo,audio_features,spotify:track:2BgEsaKNfHUdlh97KmvFyo,0.603
0.607,https://api.spotify.com/v1/audio-analysis/6fxVffaTuwjgEk5h9QyRjy,0.614,258987,0.379,6fxVffaTuwjgEk5h9QyRjy,0.000464,4,0.0986,-10.48,1,0.0476,107.989,4,https://api.spotify.com/v1/tracks/6fxVffaTuwjgEk5h9QyRjy,audio_features,spotify:track:6fxVffaTuwjgEk5h9QyRjy,0.201
0.934,https://api.spotify.com/v1/audio-analysis/1NJcg626wLln4pGHpiV7mf,0.351,200186,0.296,1NJcg626wLln4pGHpiV7mf,0.0,4,0.095,-10.109,0,0.0333,115.284,4,https://api.spotify.com/v1/tracks/1NJcg626wLln4pGHpiV7mf,audio_features,spotify:track:1NJcg626wLln4pGHpiV7mf,0.12
0.271,https://api.spotify.com/v1/audio-analysis/4u7EnebtmKWzUH433cf5Qv,0.414,354320,0.404,4u7EnebtmKWzUH433cf5Qv,0.0,0,0.3,-9.928,0,0.0499,71.105,4,https://api.spotify.com/v1/tracks/4u7EnebtmKWzUH433cf5Qv,audio_features,spotify:track:4u7EnebtmKWzUH433cf5Qv,0.224
0.269,https://api.spotify.com/v1/audio-analysis/1ZLrDPgR7mvuTco3rQK8Pk,0.737,192453,0.747,1ZLrDPgR7mvuTco3rQK8Pk,0.0,10,0.219,-4.818,1,0.0323,105.943,4,https://api.spotify.com/v1/tracks/1ZLrDPgR7mvuTco3rQK8Pk,audio_features,spotify:track:1ZLrDPgR7mvuTco3rQK8Pk,0.447
0.0281,https://api.spotify.com/v1/audio-analysis/698ItKASDavgwZ3WjaWjtz,0.468,212107,0.627,698ItKASDavgwZ3WjaWjtz,7.97e-06,6,0.11,-5.085,1,0.0476,179.642,4,https://api.spotify.com/v1/tracks/698ItKASDavgwZ3WjaWjtz,audio_features,spotify:track:698ItKASDavgwZ3WjaWjtz,0.159
0.344,https://api.spotify.com/v1/audio-analysis/1Cn2n7LpjpiElg6IyKB9id,0.423,293008,0.721,1Cn2n7LpjpiElg6IyKB9id,0.0,1,0.0799,-5.838,1,0.0425,168.046,4,https://api.spotify.com/v1/tracks/1Cn2n7LpjpiElg6IyKB9id,audio_features,spotify:track:1Cn2n7LpjpiElg6IyKB9id,0.482
0.0944,https://api.spotify.com/v1/audio-analysis/7hzlzoOwCZ4D3Ow5YZK4kj,0.754,179746,0.653,7hzlzoOwCZ4D3Ow5YZK4kj,0.0,7,0.383,-5.095,1,0.0611,123.084,4,https://api.spotify.com/v1/tracks/7hzlzoOwCZ4D3Ow5YZK4kj,audio_features,spotify:track:7hzlzoOwCZ4D3Ow5YZK4kj,0.379
0.0518,https://api.spotify.com/v1/audio-analysis/1Pz3QmQFBFuI60rxCQBeW6,0.696,213333,0.429,1Pz3QmQFBFuI60rxCQBeW6,0.0,1,0.128,-8.736,0,0.0554,149.967,4,https://api.spotify.com/v1/tracks/1Pz3QmQFBFuI60rxCQBeW6,audio_features,spotify:track:1Pz3QmQFBFuI60rxCQBeW6,0.242
0.0965,https://api.spotify.com/v1/audio-analysis/62Fq89muy8ASOH0IQJvb3T,0.492,240000,0.733,62Fq89muy8ASOH0IQJvb3T,0.0,0,0.113,-5.118,1,0.034,143.961,4,https://api.spotify.com/v1/tracks/62Fq89muy8ASOH0IQJvb3T,audio_features,spotify:track:62Fq89muy8ASOH0IQJvb3T,0.342
0.568,https://api.spotify.com/v1/audio-analysis/7fa9MBXhVfQ8P8Df9OEbD8,0.851,235545,0.541,7fa9MBXhVfQ8P8Df9OEbD8,0.0,0,0.13,-6.825,1,0.0505,124.959,4,https://api.spotify.com/v1/tracks/7fa9MBXhVfQ8P8Df9OEbD8,audio_features,spotify:track:7fa9MBXhVfQ8P8Df9OEbD8,0.448
0.148,https://api.spotify.com/v1/audio-analysis/2rdcqS9cMomMCHqtX3v7hM,0.588,255736,0.566,2rdcqS9cMomMCHqtX3v7hM,0.0,8,0.123,-6.335,1,0.0295,128.019,4,https://api.spotify.com/v1/tracks/2rdcqS9cMomMCHqtX3v7hM,audio_features,spotify:track:2rdcqS9cMomMCHqtX3v7hM,0.32
0.0969,https://api.spotify.com/v1/audio-analysis/5JEx7HbmvHQQswJCsoo9rA,0.574,182623,0.758,5JEx7HbmvHQQswJCsoo9rA,0.0,1,0.395,-5.029,0,0.0621,144.111,4,https://api.spotify.com/v1/tracks/5JEx7HbmvHQQswJCsoo9rA,audio_features,spotify:track:5JEx7HbmvHQQswJCsoo9rA,0.492
0.436,https://api.spotify.com/v1/audio-analysis/7xAVLrbnud6OrU6f4FmxDr,0.455,262286,0.543,7xAVLrbnud6OrU6f4FmxDr,0.0,5,0.0648,-7.164,1,0.0483,140.118,4,https://api.spotify.com/v1/tracks/7xAVLrbnud6OrU6f4FmxDr,audio_features,spotify:track:7xAVLrbnud6OrU6f4FmxDr,0.253
0.652,https://api.spotify.com/v1/audio-analysis/1lTbjJHizaTlozAvSCEtcw,0.495,289213,0.411,1lTbjJHizaTlozAvSCEtcw,0.0,9,0.126,-9.875,1,0.03,119.775,4,https://api.spotify.com/v1/tracks/1lTbjJHizaTlozAvSCEtcw,audio_features,spotify:track:1lTbjJHizaTlozAvSCEtcw,0.273
0.372,https://api.spotify.com/v1/audio-analysis/5EXpL9orGpIsscSyBgPdSx,0.54,264160,0.474,5EXpL9orGpIsscSyBgPdSx,0.0,10,0.118,-7.589,1,0.0294,128.051,4,https://api.spotify.com/v1/tracks/5EXpL9orGpIsscSyBgPdSx,audio_features,spotify:track:5EXpL9orGpIsscSyBgPdSx,0.22
0.7,https://api.spotify.com/v1/audio-analysis/0Eum5dQqpUDgwJiUucG3QU,0.66,248787,0.487,0Eum5dQqpUDgwJiUucG3QU,0.0,5,0.159,-6.757,1,0.0333,125.914,4,https://api.spotify.com/v1/tracks/0Eum5dQqpUDgwJiUucG3QU,audio_features,spotify:track:0Eum5dQqpUDgwJiUucG3QU,0.375
0.0119,https://api.spotify.com/v1/audio-analysis/13AruKdh8wJhWx6i5dV8X1,0.488,346282,0.602,13AruKdh8wJhWx6i5dV8X1,0.0,0,0.0825,-3.697,1,0.0277,78.011,4,https://api.spotify.com/v1/tracks/13AruKdh8wJhWx6i5dV8X1,audio_features,spotify:track:13AruKdh8wJhWx6i5dV8X1,0.225
0.677,https://api.spotify.com/v1/audio-analysis/6VeoA1vxx9dueepuakIbMr,0.563,265366,0.542,6VeoA1vxx9dueepuakIbMr,0.0,0,0.106,-6.485,1,0.0371,123.015,4,https://api.spotify.com/v1/tracks/6VeoA1vxx9dueepuakIbMr,audio_features,spotify:track:6VeoA1vxx9dueepuakIbMr,0.417
0.318,https://api.spotify.com/v1/audio-analysis/36zXp2vEis00HRdX3pYEMr,0.562,236640,0.494,36zXp2vEis00HRdX3pYEMr,0.0,1,0.0961,-7.29,0,0.0289,76.058,4,https://api.spotify.com/v1/tracks/36zXp2vEis00HRdX3pYEMr,audio_features,spotify:track:36zXp2vEis00HRdX3pYEMr,0.556
0.226,https://api.spotify.com/v1/audio-analysis/0IAgufC1FlOg1nZMmRZxRr,0.462,265867,0.465,0IAgufC1FlOg1nZMmRZxRr,7.7e-06,2,0.196,-6.485,1,0.0262,140.112,4,https://api.spotify.com/v1/tracks/0IAgufC1FlOg1nZMmRZxRr,audio_features,spotify:track:0IAgufC1FlOg1nZMmRZxRr,0.409
0.788,https://api.spotify.com/v1/audio-analysis/3hU9nGBhYJQwvF8BJ4PUcE,0.617,211720,0.482,3hU9nGBhYJQwvF8BJ4PUcE,0.0,0,0.128,-7.745,1,0.0295,125.965,4,https://api.spotify.com/v1/tracks/3hU9nGBhYJQwvF8BJ4PUcE,audio_features,spotify:track:3hU9nGBhYJQwvF8BJ4PUcE,0.428
0.175,https://api.spotify.com/v1/audio-analysis/0i0wnv9UoFdZ5MfuFGQzMy,0.514,150333,0.618,0i0wnv9UoFdZ5MfuFGQzMy,0.0,11,0.117,-4.585,0,0.0317,84.259,4,https://api.spotify.com/v1/tracks/0i0wnv9UoFdZ5MfuFGQzMy,audio_features,spotify:track:0i0wnv9UoFdZ5MfuFGQzMy,0.401
0.836,https://api.spotify.com/v1/audio-analysis/5NvsRbIoMFMqBAVFHn1f3X,0.53,300000,0.341,5NvsRbIoMFMqBAVFHn1f3X,0.0,2,0.139,-11.377,1,0.0313,111.81,4,https://api.spotify.com/v1/tracks/5NvsRbIoMFMqBAVFHn1f3X,audio_features,spotify:track:5NvsRbIoMFMqBAVFHn1f3X,0.467
0.834,https://api.spotify.com/v1/audio-analysis/1eId3TVzGrwv73YAWAVQMX,0.65,237733,0.425,1eId3TVzGrwv73YAWAVQMX,0.0,9,0.12,-7.816,1,0.0266,75.988,4,https://api.spotify.com/v1/tracks/1eId3TVzGrwv73YAWAVQMX,audio_features,spotify:track:1eId3TVzGrwv73YAWAVQMX,0.403
0.279,https://api.spotify.com/v1/audio-analysis/3npzogdOEiVsieXmmhBepL,0.612,197293,0.57,3npzogdOEiVsieXmmhBepL,0.0,11,0.0963,-6.642,0,0.0347,77.004,4,https://api.spotify.com/v1/tracks/3npzogdOEiVsieXmmhBepL,audio_features,spotify:track:3npzogdOEiVsieXmmhBepL,0.335
0.525,https://api.spotify.com/v1/audio-analysis/6kabSi7XCHHGThNme6J2tL,0.315,281200,0.534,6kabSi7XCHHGThNme6J2tL,0.0,6,0.171,-5.931,1,0.0332,136.725,4,https://api.spotify.com/v1/tracks/6kabSi7XCHHGThNme6J2tL,audio_features,spotify:track:6kabSi7XCHHGThNme6J2tL,0.445
0.6,https://api.spotify.com/v1/audio-analysis/7oPrKydZ1xLIFXzjHLUGE5,0.629,232360,0.501,7oPrKydZ1xLIFXzjHLUGE5,1.51e-06,7,0.0863,-8.584,1,0.0294,136.851,4,https://api.spotify.com/v1/tracks/7oPrKydZ1xLIFXzjHLUGE5,audio_features,spotify:track:7oPrKydZ1xLIFXzjHLUGE5,0.399
0.414,https://api.spotify.com/v1/audio-analysis/7BKLCZ1jbUBVqRi2FVlTVw,0.748,244960,0.524,7BKLCZ1jbUBVqRi2FVlTVw,0.0,8,0.111,-5.599,1,0.0338,95.01,4,https://api.spotify.com/v1/tracks/7BKLCZ1jbUBVqRi2FVlTVw,audio_features,spotify:track:7BKLCZ1jbUBVqRi2FVlTVw,0.661
0.663,https://api.spotify.com/v1/audio-analysis/4zVevFBE0Ub4WaUS91f9g1,0.63,255347,0.393,4zVevFBE0Ub4WaUS91f9g1,0.0,2,0.182,-8.692,1,0.0343,126.005,4,https://api.spotify.com/v1/tracks/4zVevFBE0Ub4WaUS91f9g1,audio_features,spotify:track:4zVevFBE0Ub4WaUS91f9g1,0.367
0.834,https://api.spotify.com/v1/audio-analysis/209lkexhDOdjGJMv9iw3rJ,0.592,207853,0.427,209lkexhDOdjGJMv9iw3rJ,2.98e-06,3,0.106,-6.759,1,0.0281,139.908,4,https://api.spotify.com/v1/tracks/209lkexhDOdjGJMv9iw3rJ,audio_features,spotify:track:209lkexhDOdjGJMv9iw3rJ,0.453
0.67,https://api.spotify.com/v1/audio-analysis/47RgWWTJno746wCInL4gQz,0.495,217014,0.503,47RgWWTJno746wCInL4gQz,0.0,3,0.14,-6.838,1,0.032,185.088,3,https://api.spotify.com/v1/tracks/47RgWWTJno746wCInL4gQz,audio_features,spotify:track:47RgWWTJno746wCInL4gQz,0.333
0.345,https://api.spotify.com/v1/audio-analysis/53lFtfrl5Of2Hkr5eiNscQ,0.588,208004,0.465,53lFtfrl5Of2Hkr5eiNscQ,0.0,1,0.0763,-7.488,1,0.0293,126.898,4,https://api.spotify.com/v1/tracks/53lFtfrl5Of2Hkr5eiNscQ,audio_features,spotify:track:53lFtfrl5Of2Hkr5eiNscQ,0.392
0.605,https://api.spotify.com/v1/audio-analysis/0n9AcvtAVZIhEfnZsBbELp,0.573,244431,0.422,0n9AcvtAVZIhEfnZsBbELp,0.0,9,0.124,-7.937,1,0.0304,128.137,4,https://api.spotify.com/v1/tracks/0n9AcvtAVZIhEfnZsBbELp,audio_features,spotify:track:0n9AcvtAVZIhEfnZsBbELp,0.234
