acousticness,analysis_url,danceability,duration_ms,energy,id,instrumentalness,key,liveness,loudness,mode,speechiness,tempo,time_signature,track_href,type,uri,valence
0.314,https://api.spotify.com/v1/audio-analysis/4pUCKHjJ4Ijewc37rRrvHn,0.755,189052,0.858,4pUCKHjJ4Ijewc37rRrvHn,0.00318,2,0.301,-4.119,1,0.198,132.082,4,https://api.spotify.com/v1/tracks/4pUCKHjJ4Ijewc37rRrvHn,audio_features,spotify:track:4pUCKHjJ4Ijewc37rRrvHn,0.57
0.106,https://api.spotify.com/v1/audio-analysis/1TaQciB8qqRZ9fxWGhS65X,0.63,201081,0.648,1TaQciB8qqRZ9fxWGhS65X,0.0,6,0.146,-4.163,0,0.057,129.951,4,https://api.spotify.com/v1/tracks/1TaQciB8qqRZ9fxWGhS65X,audio_features,spotify:track:1TaQciB8qqRZ9fxWGhS65X,0.412
0.308,https://api.spotify.com/v1/audio-analysis/2Fxmhks0bxGSBdJ92vM42m,0.708,194088,0.418,2Fxmhks0bxGSBdJ92vM42m,0.093,0,0.1,-10.998,1,0.368,131.926,4,https://api.spotify.com/v1/tracks/2Fxmhks0bxGSBdJ92vM42m,audio_features,spotify:track:2Fxmhks0bxGSBdJ92vM42m,0.578
0.0427,https://api.spotify.com/v1/audio-analysis/4y3OI86AEP6PQoDE6olYhO,0.842,181040,0.734,4y3OI86AEP6PQoDE6olYhO,0.0,1,0.106,-5.065,0,0.0588,137.958,4,https://api.spotify.com/v1/tracks/4y3OI86AEP6PQoDE6olYhO,audio_features,spotify:track:4y3OI86AEP6PQoDE6olYhO,0.952
0.0209,https://api.spotify.com/v1/audio-analysis/4n7jnSxVLd8QioibtTDBDq,0.509,193798,0.689,4n7jnSxVLd8QioibtTDBDq,0.0,1,0.301,-4.929,0,0.102,170.087,4,https://api.spotify.com/v1/tracks/4n7jnSxVLd8QioibtTDBDq,audio_features,spotify:track:4n7jnSxVLd8QioibtTDBDq,0.297
0.0162,https://api.spotify.com/v1/audio-analysis/5R0cvR5BMFkLomChhmcCzr,0.768,191226,0.777,5R0cvR5BMFkLomChhmcCzr,0.0,1,0.0692,-3.58,0,0.0476,124.978,4,https://api.spotify.com/v1/tracks/5R0cvR5BMFkLomChhmcCzr,audio_features,spotify:track:5R0cvR5BMFkLomChhmcCzr,0.431
0.176,https://api.spotify.com/v1/audio-analysis/7COXchtUOMd6uIT6HvmRaI,0.599,162583,0.733,7COXchtUOMd6uIT6HvmRaI,0.0,11,0.242,-7.058,1,0.203,102.211,4,https://api.spotify.com/v1/tracks/7COXchtUOMd6uIT6HvmRaI,audio_features,spotify:track:7COXchtUOMd6uIT6HvmRaI,0.534
0.592,https://api.spotify.com/v1/audio-analysis/6ocbgoVGwYJhOv1GgI9NsF,0.778,178627,0.317,6ocbgoVGwYJhOv1GgI9NsF,0.0,1,0.0881,-10.732,0,0.334,140.048,4,https://api.spotify.com/v1/tracks/6ocbgoVGwYJhOv1GgI9NsF,audio_features,spotify:track:6ocbgoVGwYJhOv1GgI9NsF,0.327
0.435,https://api.spotify.com/v1/audio-analysis/32107DdzIGbVs9Pi54MuRS,0.422,191030,0.422,32107DdzIGbVs9Pi54MuRS,0.0,4,0.0936,-5.053,0,0.0296,110.251,4,https://api.spotify.com/v1/tracks/32107DdzIGbVs9Pi54MuRS,audio_features,spotify:track:32107DdzIGbVs9Pi54MuRS,0.206
0.556,https://api.spotify.com/v1/audio-analysis/3KkXRkHbMCARz0aVfEt68P,0.76,158040,0.479,3KkXRkHbMCARz0aVfEt68P,0.0,2,0.0703,-5.574,1,0.0466,89.911,4,https://api.spotify.com/v1/tracks/3KkXRkHbMCARz0aVfEt68P,audio_features,spotify:track:3KkXRkHbMCARz0aVfEt68P,0.913
0.701,https://api.spotify.com/v1/audio-analysis/2IAumRplFr0Ns09kKgt2je,0.496,321040,0.515,2IAumRplFr0Ns09kKgt2je,0.000168,9,0.155,-9.52,1,0.0352,140.051,4,https://api.spotify.com/v1/tracks/2IAumRplFr0Ns09kKgt2je,audio_features,spotify:track:2IAumRplFr0Ns09kKgt2je,0.263
0.0623,https://api.spotify.com/v1/audio-analysis/5icOoE6VgqFKohjWWNp0Ac,0.791,156347,0.565,5icOoE6VgqFKohjWWNp0Ac,0.0,5,0.156,-3.933,0,0.0439,99.961,4,https://api.spotify.com/v1/tracks/5icOoE6VgqFKohjWWNp0Ac,audio_features,spotify:track:5icOoE6VgqFKohjWWNp0Ac,0.181
0.45,https://api.spotify.com/v1/audio-analysis/6Qs4SXO9dwPj5GKvVOv8Ki,0.741,171030,0.52,6Qs4SXO9dwPj5GKvVOv8Ki,1.97e-06,8,0.222,-7.513,1,0.0656,102.998,4,https://api.spotify.com/v1/tracks/6Qs4SXO9dwPj5GKvVOv8Ki,audio_features,spotify:track:6Qs4SXO9dwPj5GKvVOv8Ki,0.347
0.269,https://api.spotify.com/v1/audio-analysis/1ZLrDPgR7mvuTco3rQK8Pk,0.737,192453,0.747,1ZLrDPgR7mvuTco3rQK8Pk,0.0,10,0.219,-4.818,1,0.0323,105.943,4,https://api.spotify.com/v1/tracks/1ZLrDPgR7mvuTco3rQK8Pk,audio_features,spotify:track:1ZLrDPgR7mvuTco3rQK8Pk,0.447
0.0691,https://api.spotify.com/v1/audio-analysis/25sgk305KZfyuqVBQIahim,0.719,187436,0.704,25sgk305KZfyuqVBQIahim,0.0,1,0.166,-4.724,1,0.0476,133.002,4,https://api.spotify.com/v1/tracks/25sgk305KZfyuqVBQIahim,audio_features,spotify:track:25sgk305KZfyuqVBQIahim,0.628
0.00791,https://api.spotify.com/v1/audio-analysis/7ql71hBakyMi0Lxiq3Mugs,0.51,226747,0.835,7ql71hBakyMi0Lxiq3Mugs,0.0,3,0.219,-4.673,1,0.0447,140.024,4,https://api.spotify.com/v1/tracks/7ql71hBakyMi0Lxiq3Mugs,audio_features,spotify:track:7ql71hBakyMi0Lxiq3Mugs,0.435
0.0754,https://api.spotify.com/v1/audio-analysis/0uUNN1nSoUx1A4fkDCWDQ7,0.684,184296,0.677,0uUNN1nSoUx1A4fkDCWDQ7,0.0,6,0.133,-4.034,1,0.0464,130.141,4,https://api.spotify.com/v1/tracks/0uUNN1nSoUx1A4fkDCWDQ7,audio_features,spotify:track:0uUNN1nSoUx1A4fkDCWDQ7,0.595
0.051,https://api.spotify.com/v1/audio-analysis/6TqXcAFInzjp0bODyvrWEq,0.901,197573,0.4,6TqXcAFInzjp0bODyvrWEq,0.0,0,0.0599,-8.575,1,0.126,135.984,4,https://api.spotify.com/v1/tracks/6TqXcAFInzjp0bODyvrWEq,audio_features,spotify:track:6TqXcAFInzjp0bODyvrWEq,0.346
0.0174,https://api.spotify.com/v1/audio-analysis/09oZ9eXQ2fo6YDrPzJqAoP,0.729,177067,0.545,09oZ9eXQ2fo6YDrPzJqAoP,0.000274,0,0.369,-7.818,1,0.0316,103.012,4,https://api.spotify.com/v1/tracks/09oZ9eXQ2fo6YDrPzJqAoP,audio_features,spotify:track:09oZ9eXQ2fo6YDrPzJqAoP,0.514
0.297,https://api.spotify.com/v1/audio-analysis/5p7ujcrUXASCNwRaWNHR1C,0.752,201661,0.488,5p7ujcrUXASCNwRaWNHR1C,9.11e-06,6,0.0936,-7.05,1,0.0705,136.041,4,https://api.spotify.com/v1/tracks/5p7ujcrUXASCNwRaWNHR1C,audio_features,spotify:track:5p7ujcrUXASCNwRaWNHR1C,0.533
0.0377,https://api.spotify.com/v1/audio-analysis/7tXQdx76iQVFeaBGDzXpZ2,0.689,201225,0.903,7tXQdx76iQVFeaBGDzXpZ2,5.7e-05,11,0.074,-6.153,0,0.0866,145.012,4,https://api.spotify.com/v1/tracks/7tXQdx76iQVFeaBGDzXpZ2,audio_features,spotify:track:7tXQdx76iQVFeaBGDzXpZ2,0.695
0.00116,https://api.spotify.com/v1/audio-analysis/0GU5GuJQQEnnREO2FxnVPT,0.79,199874,0.853,0GU5GuJQQEnnREO2FxnVPT,4.23e-05,11,0.329,-4.564,0,0.0665,124.998,4,https://api.spotify.com/v1/tracks/0GU5GuJQQEnnREO2FxnVPT,audio_features,spotify:track:0GU5GuJQQEnnREO2FxnVPT,0.713
0.371,https://api.spotify.com/v1/audio-analysis/2VxeLyX666F8uXCJ0dZF8B,0.572,215733,0.385,2VxeLyX666F8uXCJ0dZF8B,0.0,7,0.231,-6.362,1,0.0308,95.799,4,https://api.spotify.com/v1/tracks/2VxeLyX666F8uXCJ0dZF8B,audio_features,spotify:track:2VxeLyX666F8uXCJ0dZF8B,0.323
0.389,https://api.spotify.com/v1/audio-analysis/3Fj47GNK2kUF0uaEDgXLaD,0.85,221543,0.353,3Fj47GNK2kUF0uaEDgXLaD,6.68e-06,7,0.8,-10.267,1,0.334,118.071,4,https://api.spotify.com/v1/tracks/3Fj47GNK2kUF0uaEDgXLaD,audio_features,spotify:track:3Fj47GNK2kUF0uaEDgXLaD,0.329
0.0861,https://api.spotify.com/v1/audio-analysis/2wVDWtLKXunswWecARNILj,0.751,169567,0.642,2wVDWtLKXunswWecARNILj,0.0,3,0.0953,-5.165,0,0.087,95.045,4,https://api.spotify.com/v1/tracks/2wVDWtLKXunswWecARNILj,audio_features,spotify:track:2wVDWtLKXunswWecARNILj,0.388
0.0668,https://api.spotify.com/v1/audio-analysis/6Yx181fZzA0YE2EkUsYruq,0.693,179930,0.604,6Yx181fZzA0YE2EkUsYruq,0.0,11,0.114,-5.279,1,0.0427,75.014,4,https://api.spotify.com/v1/tracks/6Yx181fZzA0YE2EkUsYruq,audio_features,spotify:track:6Yx181fZzA0YE2EkUsYruq,0.651
0.0421,https://api.spotify.com/v1/audio-analysis/4kV4N9D1iKVxx1KLvtTpjS,0.726,190440,0.554,4kV4N9D1iKVxx1KLvtTpjS,0.0,5,0.106,-5.29,0,0.0917,169.999,4,https://api.spotify.com/v1/tracks/4kV4N9D1iKVxx1KLvtTpjS,audio_features,spotify:track:4kV4N9D1iKVxx1KLvtTpjS,0.335
0.547,https://api.spotify.com/v1/audio-analysis/2XKFnwB6djxrJCjR3PdeRb,0.577,163973,0.578,2XKFnwB6djxrJCjR3PdeRb,0.59,0,0.264,-9.146,0,0.0906,84.965,4,https://api.spotify.com/v1/tracks/2XKFnwB6djxrJCjR3PdeRb,audio_features,spotify:track:2XKFnwB6djxrJCjR3PdeRb,0.367
0.901,https://api.spotify.com/v1/audio-analysis/3ayrHkyorPEpeOBvZ76SwG,0.363,237000,0.233,3ayrHkyorPEpeOBvZ76SwG,4.79e-06,7,0.109,-11.531,1,0.0499,77.378,4,https://api.spotify.com/v1/tracks/3ayrHkyorPEpeOBvZ76SwG,audio_features,spotify:track:3ayrHkyorPEpeOBvZ76SwG,0.341
0.129,https://api.spotify.com/v1/audio-analysis/1ahVFh0ViDZr8LvkEVlq3B,0.44,207095,0.635,1ahVFh0ViDZr8LvkEVlq3B,0.0,11,0.121,-6.385,1,0.0326,128.133,4,https://api.spotify.com/v1/tracks/1ahVFh0ViDZr8LvkEVlq3B,audio_features,spotify:track:1ahVFh0ViDZr8LvkEVlq3B,0.327
0.196,https://api.spotify.com/v1/audio-analysis/0lks2Kt9veMOFEAPN0fsqN,0.423,195840,0.634,0lks2Kt9veMOFEAPN0fsqN,0.0,6,0.189,-5.877,0,0.0578,150.978,4,https://api.spotify.com/v1/tracks/0lks2Kt9veMOFEAPN0fsqN,audio_features,spotify:track:0lks2Kt9veMOFEAPN0fsqN,0.467
0.74,https://api.spotify.com/v1/audio-analysis/2qxmye6gAegTMjLKEBoR3d,0.652,169354,0.557,2qxmye6gAegTMjLKEBoR3d,0.0,1,0.124,-5.714,0,0.0318,150.073,4,https://api.spotify.com/v1/tracks/2qxmye6gAegTMjLKEBoR3d,audio_features,spotify:track:2qxmye6gAegTMjLKEBoR3d,0.483
0.172,https://api.spotify.com/v1/audio-analysis/3id2EVGKc3eFAMn9nFnB0r,0.538,205440,0.409,3id2EVGKc3eFAMn9nFnB0r,0.0,9,0.11,-6.581,0,0.0505,171.838,4,https://api.spotify.com/v1/tracks/3id2EVGKc3eFAMn9nFnB0r,audio_features,spotify:track:3id2EVGKc3eFAMn9nFnB0r,0.265
0.229,https://api.spotify.com/v1/audio-analysis/3e9HZxeyfWwjeyPAMmWSSQ,0.717,207320,0.653,3e9HZxeyfWwjeyPAMmWSSQ,0.0,1,0.101,-5.634,1,0.0658,106.966,4,https://api.spotify.com/v1/tracks/3e9HZxeyfWwjeyPAMmWSSQ,audio_features,spotify:track:3e9HZxeyfWwjeyPAMmWSSQ,0.412
0.704,https://api.spotify.com/v1/audio-analysis/6tsOcBnaKgzK22yEiqRh8P,0.892,158587,0.507,6tsOcBnaKgzK22yEiqRh8P,3.14e-05,0,0.109,-8.282,1,0.378,143.96,4,https://api.spotify.com/v1/tracks/6tsOcBnaKgzK22yEiqRh8P,audio_features,spotify:track:6tsOcBnaKgzK22yEiqRh8P,0.695
0.339,https://api.spotify.com/v1/audio-analysis/37BXaP8wCJrH0M3AdtSNyk,0.618,299334,0.573,37BXaP8wCJrH0M3AdtSNyk,0.0,4,0.13,-5.309,1,0.0363,133.986,4,https://api.spotify.com/v1/tracks/37BXaP8wCJrH0M3AdtSNyk,audio_features,spotify:track:37BXaP8wCJrH0M3AdtSNyk,0.157
0.191,https://api.spotify.com/v1/audio-analysis/2dpaYNEQHiRxtZbfNsse99,0.687,214290,0.792,2dpaYNEQHiRxtZbfNsse99,0.0,5,0.167,-2.749,1,0.0452,100.015,4,https://api.spotify.com/v1/tracks/2dpaYNEQHiRxtZbfNsse99,audio_features,spotify:track:2dpaYNEQHiRxtZbfNsse99,0.671
0.00373,https://api.spotify.com/v1/audio-analysis/0ahbzg4GCq3wJzUM3cjS3N,0.715,200913,0.88,0ahbzg4GCq3wJzUM3cjS3N,0.0,7,0.104,-2.94,1,0.0685,115.012,4,https://api.spotify.com/v1/tracks/0ahbzg4GCq3wJzUM3cjS3N,audio_features,spotify:track:0ahbzg4GCq3wJzUM3cjS3N,0.669
0.404,https://api.spotify.com/v1/audio-analysis/1WSGTYKLEpKfNQYYW5Oymt,0.541,158027,0.468,1WSGTYKLEpKfNQYYW5Oymt,3.65e-06,10,0.358,-4.039,0,0.362,95.266,4,https://api.spotify.com/v1/tracks/1WSGTYKLEpKfNQYYW5Oymt,audio_features,spotify:track:1WSGTYKLEpKfNQYYW5Oymt,0.69
0.0323,https://api.spotify.com/v1/audio-analysis/2aI2k39nfa3KFsa4JclQzw,0.671,209355,0.859,2aI2k39nfa3KFsa4JclQzw,0.0,4,0.267,-3.922,0,0.0833,139.931,4,https://api.spotify.com/v1/tracks/2aI2k39nfa3KFsa4JclQzw,audio_features,spotify:track:2aI2k39nfa3KFsa4JclQzw,0.389
0.0969,https://api.spotify.com/v1/audio-analysis/5JEx7HbmvHQQswJCsoo9rA,0.574,182623,0.758,5JEx7HbmvHQQswJCsoo9rA,0.0,1,0.395,-5.029,0,0.0621,144.111,4,https://api.spotify.com/v1/tracks/5JEx7HbmvHQQswJCsoo9rA,audio_features,spotify:track:5JEx7HbmvHQQswJCsoo9rA,0.492
0.215,https://api.spotify.com/v1/audio-analysis/1uru26I2JKd2mQZt0MDCUe,0.404,214227,0.531,1uru26I2JKd2mQZt0MDCUe,0.0,1,0.0521,-4.328,1,0.103,164.848,4,https://api.spotify.com/v1/tracks/1uru26I2JKd2mQZt0MDCUe,audio_features,spotify:track:1uru26I2JKd2mQZt0MDCUe,0.321
0.705,https://api.spotify.com/v1/audio-analysis/2H4gf1wLxvYreMj1jcaN0k,0.551,196493,0.537,2H4gf1wLxvYreMj1jcaN0k,0.0,11,0.0802,-7.595,1,0.034,126.421,4,https://api.spotify.com/v1/tracks/2H4gf1wLxvYreMj1jcaN0k,audio_features,spotify:track:2H4gf1wLxvYreMj1jcaN0k,0.493
0.752,https://api.spotify.com/v1/audio-analysis/4SSnFejRGlZikf02HLewEF,0.888,193143,0.395,4SSnFejRGlZikf02HLewEF,0.14,8,0.106,-14.645,1,0.324,120.058,4,https://api.spotify.com/v1/tracks/4SSnFejRGlZikf02HLewEF,audio_features,spotify:track:4SSnFejRGlZikf02HLewEF,0.162
0.0372,https://api.spotify.com/v1/audio-analysis/2BgEsaKNfHUdlh97KmvFyo,0.697,186987,0.683,2BgEsaKNfHUdlh97KmvFyo,0.0,1,0.137,-2.881,0,0.117,96.133,4,https://api.spotify.com/v1/tracks/2BgEsaKNfHUdlh97KmvFyo,audio_features,spotify:track:2BgEsaKNfHUdlh97KmvFyo,0.603
0.606,https://api.spotify.com/v1/audio-analysis/5kfNriitmkNE8mUbZ7gbq8,0.551,210667,0.44,5kfNriitmkNE8mUbZ7gbq8,3.02e-05,10,0.11,-8.559,1,0.0985,167.923,4,https://api.spotify.com/v1/tracks/5kfNriitmkNE8mUbZ7gbq8,audio_features,spotify:track:5kfNriitmkNE8mUbZ7gbq8,0.341
0.0343,https://api.spotify.com/v1/audio-analysis/06Pvy98db25O7wlfFFFIRM,0.719,228682,0.828,06Pvy98db25O7wlfFFFIRM,0.0,6,0.0747,-5.559,1,0.0613,139.927,4,https://api.spotify.com/v1/tracks/06Pvy98db25O7wlfFFFIRM,audio_features,spotify:track:06Pvy98db25O7wlfFFFIRM,0.634
0.0765,https://api.spotify.com/v1/audio-analysis/6zeeWid2sgw4lap2jV61PZ,0.596,229320,0.552,6zeeWid2sgw4lap2jV61PZ,0.334,0,0.104,-10.278,0,0.097,97.949,4,https://api.spotify.com/v1/tracks/6zeeWid2sgw4lap2jV61PZ,audio_features,spotify:track:6zeeWid2sgw4lap2jV61PZ,0.112
0.0533,https://api.spotify.com/v1/audio-analysis/6u7jPi22kF8CTQ3rb9DHE7,0.878,157067,0.619,6u7jPi22kF8CTQ3rb9DHE7,0.0,6,0.113,-5.56,1,0.102,136.041,4,https://api.spotify.com/v1/tracks/6u7jPi22kF8CTQ3rb9DHE7,audio_features,spotify:track:6u7jPi22kF8CTQ3rb9DHE7,0.639
0.421,https://api.spotify.com/v1/audio-analysis/7cE5ehlKJ3L9Ejhzm3udcF,0.36,282770,0.465,7cE5ehlKJ3L9Ejhzm3udcF,0.000278,10,0.109,-8.483,1,0.0337,169.845,4,https://api.spotify.com/v1/tracks/7cE5ehlKJ3L9Ejhzm3udcF,audio_features,spotify:track:7cE5ehlKJ3L9Ejhzm3udcF,0.205
0.785,https://api.spotify.com/v1/audio-analysis/5kZDxLcbqglZ2yYXg4Mkjc,0.426,244470,0.487,5kZDxLcbqglZ2yYXg4Mkjc,0.0,2,0.259,-5.276,1,0.0361,135.103,4,https://api.spotify.com/v1/tracks/5kZDxLcbqglZ2yYXg4Mkjc,audio_features,spotify:track:5kZDxLcbqglZ2yYXg4Mkjc,0.28
0.114,https://api.spotify.com/v1/audio-analysis/6E7jAJN2e3znSHyPCdQqx8,0.704,195856,0.787,6E7jAJN2e3znSHyPCdQqx8,0.0,0,0.228,-3.113,1,0.082,96.929,4,https://api.spotify.com/v1/tracks/6E7jAJN2e3znSHyPCdQqx8,audio_features,spotify:track:6E7jAJN2e3znSHyPCdQqx8,0.707
0.525,https://api.spotify.com/v1/audio-analysis/6kabSi7XCHHGThNme6J2tL,0.315,281200,0.534,6kabSi7XCHHGThNme6J2tL,0.0,6,0.171,-5.931,1,0.0332,136.725,4,https://api.spotify.com/v1/tracks/6kabSi7XCHHGThNme6J2tL,audio_features,spotify:track:6kabSi7XCHHGThNme6J2tL,0.445
0.978,https://api.spotify.com/v1/audio-analysis/43zdsphuZLzwA9k4DJhU0I,0.454,196077,0.111,43zdsphuZLzwA9k4DJhU0I,5.89e-05,4,0.0898,-14.038,1,0.0635,124.155,3,https://api.spotify.com/v1/tracks/43zdsphuZLzwA9k4DJhU0I,audio_features,spotify:track:43zdsphuZLzwA9k4DJhU0I,0.187
0.643,https://api.spotify.com/v1/audio-analysis/2gug6MRv4xQFYi9LA3PJCS,0.439,287307,0.477,2gug6MRv4xQFYi9LA3PJCS,0.0,10,0.114,-5.638,1,0.0307,159.819,4,https://api.spotify.com/v1/tracks/2gug6MRv4xQFYi9LA3PJCS,audio_features,spotify:track:2gug6MRv4xQFYi9LA3PJCS,0.535
0.192,https://api.spotify.com/v1/audio-analysis/1ivCIgrYZyE0BvItL4Z8lk,0.59,215147,0.572,1ivCIgrYZyE0BvItL4Z8lk,0.0,11,0.109,-7.658,1,0.0379,179.989,4,https://api.spotify.com/v1/tracks/1ivCIgrYZyE0BvItL4Z8lk,audio_features,spotify:track:1ivCIgrYZyE0BvItL4Z8lk,0.448
0.163,https://api.spotify.com/v1/audio-analysis/6MWtB6iiXyIwun0YzU6DFP,0.833,149520,0.539,6MWtB6iiXyIwun0YzU6DFP,2.1e-06,11,0.101,-7.399,0,0.178,99.947,4,https://api.spotify.com/v1/tracks/6MWtB6iiXyIwun0YzU6DFP,audio_features,spotify:track:6MWtB6iiXyIwun0YzU6DFP,0.385
0.296,https://api.spotify.com/v1/audio-analysis/5WHTFyqSii0lmT9R21abT8,0.674,178480,0.881,5WHTFyqSii0lmT9R21abT8,3.01e-06,9,0.0793,-2.853,1,0.147,98.994,4,https://api.spotify.com/v1/tracks/5WHTFyqSii0lmT9R21abT8,audio_features,spotify:track:5WHTFyqSii0lmT9R21abT8,0.234
0.0106,https://api.spotify.com/v1/audio-analysis/3QmolSZqjjLksTUvZJ6pPS,0.65,167120,0.619,3QmolSZqjjLksTUvZJ6pPS,0.0,0,0.167,-5.495,1,0.0555,157.967,4,https://api.spotify.com/v1/tracks/3QmolSZqjjLksTUvZJ6pPS,audio_features,spotify:track:3QmolSZqjjLksTUvZJ6pPS,0.657
0.714,https://api.spotify.com/v1/audio-analysis/7mCr6Rn5jx04Fisvts97Z3,0.522,256000,0.383,7mCr6Rn5jx04Fisvts97Z3,1.67e-05,4,0.106,-10.962,1,0.0285,150.018,4,https://api.spotify.com/v1/tracks/7mCr6Rn5jx04Fisvts97Z3,audio_features,spotify:track:7mCr6Rn5jx04Fisvts97Z3,0.332
0.175,https://api.spotify.com/v1/audio-analysis/0i0wnv9UoFdZ5MfuFGQzMy,0.514,150333,0.618,0i0wnv9UoFdZ5MfuFGQzMy,0.0,11,0.117,-4.585,0,0.0317,84.259,4,https://api.spotify.com/v1/tracks/0i0wnv9UoFdZ5MfuFGQzMy,audio_features,spotify:track:0i0wnv9UoFdZ5MfuFGQzMy,0.401
0.549,https://api.spotify.com/v1/audio-analysis/7FGq80cy8juXBCD2nrqdWU,0.632,170770,0.686,7FGq80cy8juXBCD2nrqdWU,0.0,6,0.2,-7.665,0,0.243,89.949,4,https://api.spotify.com/v1/tracks/7FGq80cy8juXBCD2nrqdWU,audio_features,spotify:track:7FGq80cy8juXBCD2nrqdWU,0.329
0.163,https://api.spotify.com/v1/audio-analysis/0tgVpDi06FyKpA1z0VMD4v,0.599,263400,0.448,0tgVpDi06FyKpA1z0VMD4v,0.0,8,0.106,-6.312,1,0.0232,95.05,3,https://api.spotify.com/v1/tracks/0tgVpDi06FyKpA1z0VMD4v,audio_features,spotify:track:0tgVpDi06FyKpA1z0VMD4v,0.168
0.535,https://api.spotify.com/v1/audio-analysis/2P91MQbaiQOfbiz9VqhqKQ,0.752,197437,0.505,2P91MQbaiQOfbiz9VqhqKQ,2.55e-06,9,0.104,-7.621,1,0.253,91.97,4,https://api.spotify.com/v1/tracks/2P91MQbaiQOfbiz9VqhqKQ,audio_features,spotify:track:2P91MQbaiQOfbiz9VqhqKQ,0.419
0.0642,https://api.spotify.com/v1/audio-analysis/0PG9fbaaHFHfre2gUVo7AN,0.747,200890,0.57,0PG9fbaaHFHfre2gUVo7AN,0.0,1,0.0832,-6.711,1,0.081,133.992,4,https://api.spotify.com/v1/tracks/0PG9fbaaHFHfre2gUVo7AN,audio_features,spotify:track:0PG9fbaaHFHfre2gUVo7AN,0.65
0.568,https://api.spotify.com/v1/audio-analysis/7fa9MBXhVfQ8P8Df9OEbD8,0.851,235545,0.541,7fa9MBXhVfQ8P8Df9OEbD8,0.0,0,0.13,-6.825,1,0.0505,124.959,4,https://api.spotify.com/v1/tracks/7fa9MBXhVfQ8P8Df9OEbD8,audio_features,spotify:track:7fa9MBXhVfQ8P8Df9OEbD8,0.448
0.0557,https://api.spotify.com/v1/audio-analysis/13hvHEstJ4sNbzdroPrPI3,0.675,190560,0.729,13hvHEstJ4sNbzdroPrPI3,0.0,8,0.189,-4.383,1,0.146,99.986,4,https://api.spotify.com/v1/tracks/13hvHEstJ4sNbzdroPrPI3,audio_features,spotify:track:13hvHEstJ4sNbzdroPrPI3,0.63
0.0688,https://api.spotify.com/v1/audio-analysis/1Zyd6zQnC6XIIzmg3hP7Ot,0.786,213264,0.853,1Zyd6zQnC6XIIzmg3hP7Ot,0.0,8,0.0759,-2.687,1,0.0816,125.034,4,https://api.spotify.com/v1/tracks/1Zyd6zQnC6XIIzmg3hP7Ot,audio_features,spotify:track:1Zyd6zQnC6XIIzmg3hP7Ot,0.45
0.346,https://api.spotify.com/v1/audio-analysis/4VUwkH455At9kENOfzTqmF,0.638,180000,0.717,4VUwkH455At9kENOfzTqmF,0.0,2,0.105,-4.722,1,0.0337,100.027,4,https://api.spotify.com/v1/tracks/4VUwkH455At9kENOfzTqmF,audio_features,spotify:track:4VUwkH455At9kENOfzTqmF,0.249
0.477,https://api.spotify.com/v1/audio-analysis/76WthWB0v0KXUHZoAclMVV,0.589,270000,0.465,76WthWB0v0KXUHZoAclMVV,0.0,8,0.101,-8.416,1,0.0325,147.921,4,https://api.spotify.com/v1/tracks/76WthWB0v0KXUHZoAclMVV,audio_features,spotify:track:76WthWB0v0KXUHZoAclMVV,0.416
0.0132,https://api.spotify.com/v1/audio-analysis/6GzApXoBQiiAjak3tOQfV3,0.611,149878,0.52,6GzApXoBQiiAjak3tOQfV3,0.0,0,0.105,-5.445,1,0.0346,159.927,4,https://api.spotify.com/v1/tracks/6GzApXoBQiiAjak3tOQfV3,audio_features,spotify:track:6GzApXoBQiiAjak3tOQfV3,0.771
0.193,https://api.spotify.com/v1/audio-analysis/1rqqCSm0Qe4I9rUvWncaom,0.579,190947,0.904,1rqqCSm0Qe4I9rUvWncaom,0.0,5,0.064,-2.729,1,0.0618,82.014,4,https://api.spotify.com/v1/tracks/1rqqCSm0Qe4I9rUvWncaom,audio_features,spotify:track:1rqqCSm0Qe4I9rUvWncaom,0.681
0.0558,https://api.spotify.com/v1/audio-analysis/4NBTZtAt1F13VvlSKe6KTl,0.575,197947,0.571,4NBTZtAt1F13VvlSKe6KTl,0.0,1,0.0912,-7.906,1,0.0439,105.049,4,https://api.spotify.com/v1/tracks/4NBTZtAt1F13VvlSKe6KTl,audio_features,spotify:track:4NBTZtAt1F13VvlSKe6KTl,0.449
0.0505,https://api.spotify.com/v1/audio-analysis/32h6yQGn4oAhZ0HRsTMX26,0.622,230707,0.8,32h6yQGn4oAhZ0HRsTMX26,0.0,5,0.0619,-5.819,1,0.0425,110.977,4,https://api.spotify.com/v1/tracks/32h6yQGn4oAhZ0HRsTMX26,audio_features,spotify:track:32h6yQGn4oAhZ0HRsTMX26,0.58
0.695,https://api.spotify.com/v1/audio-analysis/5uCax9HTNlzGybIStD3vDh,0.358,211467,0.557,5uCax9HTNlzGybIStD3vDh,0.0,10,0.0902,-7.398,1,0.059,85.043,4,https://api.spotify.com/v1/tracks/5uCax9HTNlzGybIStD3vDh,audio_features,spotify:track:5uCax9HTNlzGybIStD3vDh,0.494
0.0518,https://api.spotify.com/v1/audio-analysis/1Pz3QmQFBFuI60rxCQBeW6,0.696,213333,0.429,1Pz3QmQFBFuI60rxCQBeW6,0.0,1,0.128,-8.736,0,0.0554,149.967,4,https://api.spotify.com/v1/tracks/1Pz3QmQFBFuI60rxCQBeW6,audio_features,spotify:track:1Pz3QmQFBFuI60rxCQBeW6,0.242
0.934,https://api.spotify.com/v1/audio-analysis/1NJcg626wLln4pGHpiV7mf,0.351,200186,0.296,1NJcg626wLln4pGHpiV7mf,0.0,4,0.095,-10.109,0,0.0333,115.284,4,https://api.spotify.com/v1/tracks/1NJcg626wLln4pGHpiV7mf,audio_features,spotify:track:1NJcg626wLln4pGHpiV7mf,0.12
0.652,https://api.spotify.com/v1/audio-analysis/1mXVgsBdtIVeCLJnSnmtdV,0.698,201000,0.375,1mXVgsBdtIVeCLJnSnmtdV,0.0,5,0.173,-8.279,1,0.0491,91.92,4,https://api.spotify.com/v1/tracks/1mXVgsBdtIVeCLJnSnmtdV,audio_features,spotify:track:1mXVgsBdtIVeCLJnSnmtdV,0.534
0.75,https://api.spotify.com/v1/audio-analysis/1ZeVIrCWzEmsJexkrgvjFv,0.519,265522,0.412,1ZeVIrCWzEmsJexkrgvjFv,0.0,0,0.101,-8.584,1,0.0365,157.916,4,https://api.spotify.com/v1/tracks/1ZeVIrCWzEmsJexkrgvjFv,audio_features,spotify:track:1ZeVIrCWzEmsJexkrgvjFv,0.506
0.0361,https://api.spotify.com/v1/audio-analysis/53CJANUxooaqGOtdsBTh7O,0.908,113013,0.517,53CJANUxooaqGOtdsBTh7O,1.73e-06,1,0.0949,-6.063,1,0.129,136.019,4,https://api.spotify.com/v1/tracks/53CJANUxooaqGOtdsBTh7O,audio_features,spotify:track:53CJANUxooaqGOtdsBTh7O,0.471
0.728,https://api.spotify.com/v1/audio-analysis/7zyYmIdjqqiX6kLryb7QBx,0.423,260573,0.36,7zyYmIdjqqiX6kLryb7QBx,0.0,3,0.105,-9.458,1,0.0372,130.576,4,https://api.spotify.com/v1/tracks/7zyYmIdjqqiX6kLryb7QBx,audio_features,spotify:track:7zyYmIdjqqiX6kLryb7QBx,0.291
0.316,https://api.spotify.com/v1/audio-analysis/6IRdLKIyS4p7XNiP8r6rsx,0.741,168840,0.447,6IRdLKIyS4p7XNiP8r6rsx,0.121,8,0.187,-9.015,0,0.388,184.98,4,https://api.spotify.com/v1/tracks/6IRdLKIyS4p7XNiP8r6rsx,audio_features,spotify:track:6IRdLKIyS4p7XNiP8r6rsx,0.551
0.0116,https://api.spotify.com/v1/audio-analysis/4mGdjNMo0RonTlOEb7cYg4,0.464,239507,0.852,4mGdjNMo0RonTlOEb7cYg4,0.0,11,0.108,-3.804,1,0.067,160.075,4,https://api.spotify.com/v1/tracks/4mGdjNMo0RonTlOEb7cYg4,audio_features,spotify:track:4mGdjNMo0RonTlOEb7cYg4,0.233
0.617,https://api.spotify.com/v1/audio-analysis/6WoQzK5Exbfcmow1AoNRkl,0.486,298293,0.424,6WoQzK5Exbfcmow1AoNRkl,0.0,0,0.116,-5.755,1,0.0262,79.989,4,https://api.spotify.com/v1/tracks/6WoQzK5Exbfcmow1AoNRkl,audio_features,spotify:track:6WoQzK5Exbfcmow1AoNRkl,0.286
0.0828,https://api.spotify.com/v1/audio-analysis/7njKgVl3AnLflRad38o7AG,0.844,169038,0.644,7njKgVl3AnLflRad38o7AG,0.0,11,0.113,-6.273,0,0.0479,122.061,4,https://api.spotify.com/v1/tracks/7njKgVl3AnLflRad38o7AG,audio_features,spotify:track:7njKgVl3AnLflRad38o7AG,0.591
0.534,https://api.spotify.com/v1/audio-analysis/0VqSdtXseb9khdZrnYVyM1,0.402,265800,0.641,0VqSdtXseb9khdZrnYVyM1,0.0,2,0.112,-5.905,1,0.0335,145.054,4,https://api.spotify.com/v1/tracks/0VqSdtXseb9khdZrnYVyM1,audio_features,spotify:track:0VqSdtXseb9khdZrnYVyM1,0.252
0.0202,https://api.spotify.com/v1/audio-analysis/45ZGEdLxCZvdMX9jWlsAAx,0.797,222621,0.543,45ZGEdLxCZvdMX9jWlsAAx,0.0,11,0.0726,-5.744,1,0.0439,115.036,4,https://api.spotify.com/v1/tracks/45ZGEdLxCZvdMX9jWlsAAx,audio_features,spotify:track:45ZGEdLxCZvdMX9jWlsAAx,0.164
0.325,https://api.spotify.com/v1/audio-analysis/40FLJc17FMZaPmCQEEZgB0,0.828,216027,0.689,40FLJc17FMZaPmCQEEZgB0,0.0384,7,0.0808,-7.878,1,0.0326,123.931,4,https://api.spotify.com/v1/tracks/40FLJc17FMZaPmCQEEZgB0,audio_features,spotify:track:40FLJc17FMZaPmCQEEZgB0,0.853
0.948,https://api.spotify.com/v1/audio-analysis/632VyMrvhsHIsO4zq9khts,0.335,318499,0.326,632VyMrvhsHIsO4zq9khts,0.0,0,0.0619,-7.223,1,0.0331,169.267,4,https://api.spotify.com/v1/tracks/632VyMrvhsHIsO4zq9khts,audio_features,spotify:track:632VyMrvhsHIsO4zq9khts,0.326
0.607,https://api.spotify.com/v1/audio-analysis/6fxVffaTuwjgEk5h9QyRjy,0.614,258987,0.379,6fxVffaTuwjgEk5h9QyRjy,0.000464,4,0.0986,-10.48,1,0.0476,107.989,4,https://api.spotify.com/v1/tracks/6fxVffaTuwjgEk5h9QyRjy,audio_features,spotify:track:6fxVffaTuwjgEk5h9QyRjy,0.201
0.00264,https://api.spotify.com/v1/audio-analysis/1qAPA8TooLVEqAZ58fhcrt,0.657,241467,0.85,1qAPA8TooLVEqAZ58fhcrt,0.0,5,0.412,-3.157,0,0.0694,124.882,4,https://api.spotify.com/v1/tracks/1qAPA8TooLVEqAZ58fhcrt,audio_features,spotify:track:1qAPA8TooLVEqAZ58fhcrt,0.375
0.553,https://api.spotify.com/v1/audio-analysis/3CE1HoJJ0FVKo7JHsWIuvC,0.505,230571,0.63,3CE1HoJJ0FVKo7JHsWIuvC,0.0,2,0.229,-6.804,1,0.125,139.712,4,https://api.spotify.com/v1/tracks/3CE1HoJJ0FVKo7JHsWIuvC,audio_features,spotify:track:3CE1HoJJ0FVKo7JHsWIuvC,0.375
0.0169,https://api.spotify.com/v1/audio-analysis/2iUXsYOEPhVqEBwsqP70rE,0.596,203418,0.854,2iUXsYOEPhVqEBwsqP70rE,0.0,7,0.124,-5.114,0,0.463,120.274,4,https://api.spotify.com/v1/tracks/2iUXsYOEPhVqEBwsqP70rE,audio_features,spotify:track:2iUXsYOEPhVqEBwsqP70rE,0.152
0.48,https://api.spotify.com/v1/audio-analysis/69lAYqbyHL1A0gctdLd9WV,0.523,281533,0.449,69lAYqbyHL1A0gctdLd9WV,0.0,5,0.0806,-7.771,0,0.0271,82.041,4,https://api.spotify.com/v1/tracks/69lAYqbyHL1A0gctdLd9WV,audio_features,spotify:track:69lAYqbyHL1A0gctdLd9WV,0.451
0.49,https://api.spotify.com/v1/audio-analysis/2hnxrRNzF74mdDzpQZQukQ,0.755,174861,0.625,2hnxrRNzF74mdDzpQZQukQ,0.0,2,0.157,-7.114,1,0.0896,147.02,4,https://api.spotify.com/v1/tracks/2hnxrRNzF74mdDzpQZQukQ,audio_features,spotify:track:2hnxrRNzF74mdDzpQZQukQ,0.374
0.153,https://api.spotify.com/v1/audio-analysis/4w8niZpiMy6qz1mntFA5uM,0.841,212500,0.798,4w8niZpiMy6qz1mntFA5uM,3.33e-06,1,0.0618,-4.206,0,0.229,95.948,4,https://api.spotify.com/v1/tracks/4w8niZpiMy6qz1mntFA5uM,audio_features,spotify:track:4w8niZpiMy6qz1mntFA5uM,0.591
0.581,https://api.spotify.com/v1/audio-analysis/7qiZfU4dY1lWllzX7mPBI3,0.825,233713,0.652,7qiZfU4dY1lWllzX7mPBI3,0.0,1,0.0931,-3.183,0,0.0802,95.977,4,https://api.spotify.com/v1/tracks/7qiZfU4dY1lWllzX7mPBI3,audio_features,spotify:track:7qiZfU4dY1lWllzX7mPBI3,0.931
0.339,https://api.spotify.com/v1/audio-analysis/2XWjPtKdi5sucFYtVav07d,0.745,181900,0.693,2XWjPtKdi5sucFYtVav07d,0.0,2,0.123,-5.479,0,0.034,98.039,4,https://api.spotify.com/v1/tracks/2XWjPtKdi5sucFYtVav07d,audio_features,spotify:track:2XWjPtKdi5sucFYtVav07d,0.248
0.449,https://api.spotify.com/v1/audio-analysis/3XF5xLJHOQQRbWya6hBp7d,0.672,180953,0.552,3XF5xLJHOQQRbWya6hBp7d,0.152,4,0.138,-10.512,1,0.174,150.469,4,https://api.spotify.com/v1/tracks/3XF5xLJHOQQRbWya6hBp7d,audio_features,spotify:track:3XF5xLJHOQQRbWya6hBp7d,0.259
0.63,https://api.spotify.com/v1/audio-analysis/190kU2WKyIzx9XaBjfWRPk,0.471,287000,0.648,190kU2WKyIzx9XaBjfWRPk,0.0,3,0.122,-3.968,1,0.0342,135.053,4,https://api.spotify.com/v1/tracks/190kU2WKyIzx9XaBjfWRPk,audio_features,spotify:track:190kU2WKyIzx9XaBjfWRPk,0.239
